,Title,Budget,Movie ID,Revenue
6,Automata,7000000,262543,0
19,Love and Monsters,30000000,590223,0
24,The Runner,6000000,277546,0
27,City of Joy,27000000,47821,14683921
30,Next Gen,22000000,523777,0
39,The Spy Next Door,28000000,23172,45236543
43,Elstree 1976,370000,322506,0
45,ATM,3000000,89691,3010
48,One Day,15000000,51828,59389433
50,Shutter Island,80000000,11324,294804195
59,Black Panther,200000000,284054,1346739107
61,Frequency,31000000,10559,68106245
64,Ben 10 Alien Swarm,40000000,25642,0
65,Big Miracle,40000000,78698,24719215
77,Escobar: Paradise Lost,17000000,255343,3758328
79,Long Shot,40000000,459992,53847136
87,Domino,50000000,9923,22944502
110,Steamin' & Dreamin': The Grandmaster Cash Story,260,134112,0
112,The Hurricane Heist,35000000,430040,32517248
118,Leap Year,19000000,25195,29922472
121,USS Indianapolis: Men of Courage,40000000,340945,2158568
122,A Wrinkle in Time,103000000,407451,132675864
129,Raising the Bar,600000,396289,0
135,Bonding,463,451902,0
137,20 Feet from Stardom,1000000,159014,5892466
140,The Bad Batch,6000000,316154,180851
144,Sarah's Key,10000000,53457,17511906
150,Maniac,6000000,103620,31081
173,Vincent N Roxxy,5000000,300672,0
176,Miss Julie,5500000,230266,5000000
179,The Endless,1000000,430231,956425
193,Forget Me Not,1300000,27588,0
198,Ancient Aliens Debunked,15000,139860,0
204,The Witch,3500000,310131,40423945
206,I Am Wrath,18000000,332411,0
207,"As Above, So Below",5000000,256274,40100000
208,Scott Pilgrim vs. the World,60000000,22538,47664559
209,ARQ,2000000,410199,0
222,The Outsider,4000000,241765,0
240,Kingsman: The Secret Service,81000000,207703,414351546
241,First They Killed My Father,24000000,433247,0
242,Gagarin: First in Space,7000000,199327,0
243,Janaan,1500000,416238,3000000
247,The Hobbit: The Battle of the Five Armies,250000000,122917,956019788
251,Cowspiracy: The Sustainability Secret,117,282297,0
257,Bleach,3598902,420426,4001919
274,Shanghai Fortress,30000000,559957,0
278,Unbelievable!!!!!,2500000,329621,0
284,Turbo,135000000,77950,282570682
292,The Forgotten,42000000,10145,117592831
294,Eat Pray Love,60000000,38167,204594016
300,American Psycho,7000000,1359,34266564
301,Dante's Peak,116000000,9619,178127760
303,First Kill,10000000,410554,0
305,Igor,25000000,14248,30700000
309,Mr. Woodcock,22000000,13257,0
310,My Sister's Keeper,30000000,10024,95714875
311,Mystic River,25000000,322,156822020
314,Open Season,85000000,7484,197309027
316,Poseidon,160000000,503,181674817
320,Stripes,10000000,10890,85300000
321,Superbad,20000000,8363,121463226
322,The Bridge,25000,1666,179780
324,The Lake House,40000000,2044,114830111
325,The Last Exorcism,1800000,38358,67738090
327,The Taking of Pelham 1 2 3,100000000,18487,150166126
332,You Don't Mess with the Zohan,90000000,10661,201596308
335,Brick,475000,9270,3919254
336,Carbon Copy,6000000,53922,9566593
342,Murder Party,190000,13561,0
345,Sisters,30000000,266294,105011053
349,Terrifier,100000,420634,0
353,The River Wild,45000000,8987,94216343
378,Maniac,6000000,103620,31081
385,Naruto the Movie: Guardians of the Crescent Moon Kingdom,25000000,18861,0
390,She's Gotta Have It,175000,27995,7137503
394,The Guardian Brothers,10000000,366644,0
404,Dukhtar,46000,287594,120000
407,Full Out,1500000,298582,0
411,Off Course,500,671555,0
417,We Need to Talk About Kevin,7000000,71859,10765283
420,After,14000000,537915,69497587
429,Pulang,24000000,538528,0
430,The Water Diviner,22500000,256917,15520023
432,Friday the 13th,550000,4488,59754601
436,Love for Sale,1000000,37715,0
440,Kung Fu Yoga,65000000,383785,254212245
466,Nowhere Man,250000,28149,0
473,Kristy,6900000,146229,0
477,The Tunnel,135000,46221,0
488,Truth or Dare,3500000,460019,95330493
491,Security,15000000,460846,0
495,Exodus: Gods and Kings,140000000,147441,268031828
499,Equals,16000000,301875,2084628
525,A Tale of Love and Darkness,4000000,336029,572212
544,The Hateful Eight,44000000,273248,155760117
550,The Hitman's Bodyguard,30000000,390043,176586701
552,The Mist,18000000,5876,57096190
555,American Heist,10000000,250066,0
562,While We're Young,10000000,252512,17287309
563,The Hunter's Prayer,17000000,302150,0
566,The Texas Chainsaw Massacre,9500000,9373,107071655
567,Tracers,11000000,290764,593683
576,Ready Player One,175000000,333339,582890172
578,Free Fire,7000000,334521,3719383
580,Jakob the Liar,45000000,2290,4956701
585,The Gospel of John,10000000,30973,4078741
587,Miss Representation,750000,77801,0
615,Life of Brian,4000000,583,20045115
622,Men in Black: International,110000000,479455,252608480
631,Illang: The Wolf Brigade,16723043,467824,0
639,Wanderlust,35000000,50647,24159934
661,The Karate Kid,8000000,1885,91077276
670,Sinister 2,10000000,283445,52882018
673,Baadshaho,12300000,441894,27000000
678,Laws of Attraction,28000000,11141,30016165
682,Beasts of No Nation,6000000,283587,9077700
683,The Circle,18000000,339988,20497844
685,Dark Crimes,4480393,340674,0
697,Calendar Girls,10000000,8696,96542059
701,Harry Potter and the Philosopher's Stone,125000000,671,976475550
705,One Night Stand,24000000,12616,2642983
720,Blind Date,18000000,918,39321715
721,Death Note,40000000,351460,0
723,Naruto Shippuden the Movie,29000000,20982,0
725,Eternal Sunshine of the Spotless Mind,20000000,38,72258126
729,Suburra,7000000,356296,0
742,Mascots,20000000,368993,0
746,Feminists: What Were They Thinking?,700000,507618,0
751,The Haunting,80000000,11618,91188905
756,Iron Man,140000000,1726,585174222
758,El Camino: A Breaking Bad Movie,6000000,559969,0
779,Along Came a Spider,60000000,2043,105178561
781,Bad Boys for Life,90000000,38700,419074646
782,Bad Boys II,130000000,8961,273339556
783,Blow,53000000,4133,83282296
784,Candyman,6000000,9529,25792310
785,Charlie's Angels,48000000,458897,73279888
786,Charlie's Angels: Full Throttle,120000000,9471,259175788
790,Crash,6500000,1640,98410061
791,Dumb and Dumberer: When Harry Met Lloyd,19000000,10152,39267515
792,Earth to Echo,13000000,238603,45300000
795,Exit Wounds,50000000,10877,79958599
799,Good Luck Chuck,25000000,10030,59192128
800,Harold and Maude,1200000,343,0
806,Knowing,50000000,13811,155446362
807,Limitless,27000000,51876,161849455
809,Medium Raw,1000000,71511,0
810,Men in Black II,140000000,608,441818803
813,No Reservations,28000000,3638,92601050
814,Ocean's Thirteen,85000000,298,311312624
815,Ocean's Twelve,110000000,163,362744280
816,One Direction: This Is Us,10000000,164558,0
817,Raging Bull,18000000,1578,23000000
818,Rugrats in Paris: The Movie,30,16340,103
819,Scream 2,24000000,4233,172363301
821,The Signal,4000000,242095,2665322
822,Sin City,40000000,187,158733820
824,Supergirl,35000000,9651,14296438
825,Superman Returns,270000000,1452,391081192
826,Surf's Up,85000000,9408,149044513
827,The Bounty Hunter,40000000,27573,136000000
828,The Bucket List,45000000,7350,175372502
830,The Figurine,300000,381961,200000
831,The Flintstones,46000000,888,341631208
832,The Flintstones in Viva Rock Vegas,83000000,889,59468275
836,The Pursuit of Happyness,55000000,1402,307077295
837,The Rugrats Movie,30000000,14444,100491683
839,The Squid and the Whale,1500000,10707,11098131
840,The Time Traveler's Wife,39000000,24420,101344412
841,Trainspotting,4000000,627,16491080
842,Troy,175000000,652,497409852
843,The Tunnel,135000,46221,0
844,Unaccompanied Minors,26000000,18147,0
853,Brooklyn's Finest,17000000,26390,45719985
854,Chappaquiddick,34000000,432301,17904202
857,Dev.D,1700000,15977,7600000
868,Jagga Jasoos,19700000,401285,12500000
870,Jodhaa Akbar,5800000,14073,28700000
879,Kismat Konnection,4180000,15467,11000000
880,Kurbaan,7700000,24613,6600000
881,Lock Up,24000000,9972,22099847
882,Luv Shuv Tey Chicken Khurana,460000,138370,1600000
886,Brokeback Mountain,14000000,142,178043761
893,Naan Sigappu Manithan,1200000,240865,2800000
899,Phantom,10000000,152259,1034589
902,Death Race,45000000,10483,76014335
903,Death Race 2,7000000,51620,0
906,12 Strong,35000000,429351,67131266
913,V for Vendetta,54000000,752,132511035
915,Wake Up Sid,3000000,21297,11000000
918,Zack and Miri Make a Porno,24000000,10358,42105111
919,Zindagi Kitni Haseen Hay,280000,421334,950000
937,It's for Your Own Good,2700000,435050,0
950,Monster High: New Ghoul at School,460000,183443,0
951,My Life as a Zucchini,8000000,393559,5873256
968,Bombshell,32000000,525661,53774397
975,Much Ado About Nothing,11000000,11971,22551000
977,My Big Night,4434040,335053,0
981,Riphagen the Untouchable,2577217,400387,0
983,Someone Like You...,23000000,12658,38689940
1009,Case 39,27000000,28355,29000000
1012,Hit & Run,2000000,109513,14400000
1022,U Turn,19000000,10155,6682098
1039,Raise Your Voice,15000000,14024,14867514
1040,The Bucket List,45000000,7350,175372502
1046,District 9,30000000,17654,210819611
1047,Kicking & Screaming,45000000,9981,56070433
1055,Charlie and the Chocolate Factory,150000000,118,474968763
1061,Cloudy with a Chance of Meatballs,100000000,22794,242988466
1066,Love and Monsters,30000000,590223,0
1073,Takers,32000000,22907,69055695
1074,Hoodwinked Too! Hood VS. Evil,30000000,57089,13521829
1077,Atlantics,1600000,496967,0
1086,The Island,126000000,1635,162949164
1093,The Score,68000000,11371,113579918
1096,Defiance,32000000,13813,51155219
1100,The Irishman,159000000,398978,8000000
1103,Operation Red Sea,70000000,460555,579220560
1118,Awake,86000000,13483,14373825
1119,Popeye,20000000,11335,49823037
1127,Charlotte's Web,85000000,9986,144000000
1128,End of Watch,7000000,77016,48126384
1131,The Time Machine,80000000,2135,123729176
1134,The Deep End,5500,736690,0
1135,Brother Bear,128000000,10009,250397798
1149,Just Mercy,25000000,522212,50401502
1151,K-19: The Widowmaker,100000000,8665,35168966
1162,Adore,16000000,111190,1575749
1165,Beavis and Butt-Head Do America,12000000,3179,0
1168,Black Snake Moan,15000000,7874,10903846
1172,Evolution,80000000,9397,98376292
1173,Eye for an Eye,20000000,17182,26877589
1181,She's Out of My League,20000000,34016,49779728
1183,The Adventures of Tintin,130000000,17578,371940071
1184,The Devil Inside,1000000,76487,101758490
1185,The First Wives Club,26000000,2925,116400000
1186,The Gift,10000000,2046,12008642
1187,"The Goods: Live Hard, Sell Hard",10000000,19905,0
1188,The Longest Yard,82000000,9291,190320568
1189,The Love Guru,62000000,12177,40854735
1190,The Rainmaker,40000000,11975,45916769
1191,What's Eating Gilbert Grape,11000000,1587,10032765
1193,World Trade Center,65000000,1852,163247198
1194,Young Adult,12000000,57157,22939027
1195,"Yours, Mine & Ours",45000000,13499,72028752
1196,Zodiac,65000000,1949,84785914
1200,Sabrina,2238813,6620,10000000
1201,Target Number One,138000,526973,0
1205,A Fairly Odd Summer,5000000,282728,0
1207,Big Time Movie,3004000,95754,0
1208,Don't Be Afraid of the Dark,25000000,46261,36993168
1209,Escape from Mr. Lemoncello's Library,5000000,476549,0
1211,Jinxed,5000000,246569,0
1213,"Liar, Liar, Vampire",3500000,363807,0
1214,Shark Night 3D,28000000,65055,10126458
1222,The Other Side of the Wind,12000000,299782,0
1233,Divines,2791874,393729,0
1234,La niña de la mina,1200000,398702,0
1245,Mudbound,10000000,414425,0
1250,Iron Sky: The Coming Race,21000000,302349,400900
1252,Suffragette,14000000,245168,16002420
1253,The Green Inferno,5000000,171424,6833445
1262,9,30000000,12244,48428063
1274,Leap Year,19000000,25195,29922472
1279,The Breakfast Club,1000000,2108,51525171
1297,The Crew,3600000,14575,0
1298,Jack the Giant Slayer,195000000,81005,197687603
1318,Warrior,25000000,59440,23057115
1323,Green Room,5000000,313922,3220371
1325,A Single Man,7000000,34653,24964890
1331,True Memoirs of an International Assassin,40000000,339396,0
1339,Orca: The Killer Whale,6000000,12707,14717854
1343,16 Blocks,55000000,2207,65664721
1347,Immortal,24665810,5552,0
1348,American History X,20000000,73,23875127
1350,Anger Management,75000000,9506,195745823
1354,Cat on a Hot Tin Roof,3000000,261,17570324
1359,Code Name: The Cleaner,20000000,14396,10337477
1360,Doctor Zhivago,11000000,907,111858363
1363,Enter the Dragon,10000000,9461,0
1365,Executive Decision,55000000,2320,121969216
1366,Angel Has Fallen,40000000,423204,146661977
1367,Fear and Loathing in Las Vegas,18500000,1878,10680275
1369,Forbidden Planet,1900000,830,3250000
1371,Gigi,3319355,17281,0
1372,Gosford Park,19800000,5279,87754044
1373,Gothika,40000000,4970,141591324
1374,Grease,6000000,621,181813770
1382,Invictus,60000000,22954,122233971
1385,Legion,26000000,22894,67918658
1386,Like Water for Chocolate,2000000,18183,21665468
1388,Logan's Run,9000000,10803,25000000
1389,Lolita,62000000,9769,1060056
1390,Love Jones,10000000,27322,0
1394,Monster House,75000000,9297,140175006
1395,Mutiny on the Bounty,19000000,11085,13680000
1396,Nacho Libre,35000000,9353,99255460
1398,Ocean's Eleven,85000000,161,450717150
1401,Rebel Without a Cause,1500000,221,4500000
1402,Revolutionary Road,35000000,4148,75225693
1403,Rosemary's Baby,3200000,805,33395426
1404,Rounders,12000000,10220,22921898
1405,Rumble in the Bronx,7500000,33542,32392047
1407,Sling Blade,1000000,12498,24444121
1408,Sparkle,14000000,88036,24637469
1409,Spider-Man 3,258000000,559,890871626
1410,Spitfire,1050000,524377,0
1411,Step Brothers,65000000,12133,128107642
1412,SuperFly,16000000,500475,20545116
1413,The Brave One,70000000,4413,69766619
1416,The Game,50000000,2649,109423648
1417,The Great Raid,80000000,13922,10166502
1420,The Last Boy Scout,29000000,9319,59509925
1422,The Matrix,63000000,603,463517383
1423,The Matrix Reloaded,150000000,604,738599701
1424,The Matrix Revolutions,150000000,605,424988211
1426,The Pelican Brief,45000000,9944,195268056
1427,The Tuxedo,60000000,10771,104391623
1430,Vantage Point,40000000,7461,151161491
1433,Wild Child,20000000,13971,21972336
1435,Zombieland,23600000,19908,102391540
1436,A Wednesday!,1400000,19703,3500000
1438,Aamir,364000,13123,0
1443,Barfi!,4437508,127501,2804874
1459,Get Shorty,30250000,8012,115101622
1462,The Grandmaster,3860000,44865,64076736
1466,Husbands in Goa,500000,154366,1550000
1478,Oye Lucky! Lucky Oye!,1400000,15975,1700000
1480,Raja Natwarlal,5,287859,4
1489,The Water Horse,40000000,54318,103071443
1490,Transcendence,100000000,157353,103039258
1535,Spanish Affair 2,4500000,348537,38482411
1536,The Interview,44000000,228967,12342632
1538,Chuck Leavell: The Tree Man,1000000,757400,0
1547,Insidious,1500000,49018,97009150
1559,The Secret of My Success,12000000,10021,110996879
1562,The Hobbit: The Desolation of Smaug,250000000,57158,958400000
1571,The Ghost Writer,45000000,11439,60331447
1572,What If,11000000,212716,7847000
1578,The Wandering Earth,48000000,535167,0
1579,War Horse,66000000,57212,177584879
1592,Anon,20000000,396806,0
1594,End Game,5000000,9727,0
1602,C Kkompany,31000,20295,0
1617,My Week with Marilyn,6400000,75900,35057696
1630,Cheaper by the Dozen 2,60000000,9641,129181830
1631,Undercover Brother,25000000,12277,41604473
1634,Beyond Rangoon,23000000,1873,14700000
1637,The Nutcracker and the Four Realms,120000000,426543,59522646
1638,After Porn Ends 2,500000,440249,0
1645,Sara's Notebook,1000000,449019,0
1649,Raees,46000000,363343,0
1650,War Machine,60000000,354287,0
1658,Detour,30,20367,0
1661,Joy,60000000,274479,101134059
1664,What If,11000000,212716,7847000
1684,Moonlight,4000000,376867,65046687
1686,Cube Zero,825000,438,0
1690,John Carter,250000000,49529,284139100
1692,Olympus Has Fallen,70000000,117263,161025640
1725,Even the Rain,10600000,53596,0
1729,Limitless,27000000,51876,161849455
1734,Take Me Home Tonight,19000000,50725,6928068
1736,Action Replayy,10000000,49679,5000000
1739,Christine,9700000,8769,21200000
1740,The Place Beyond the Pines,15000000,97367,35485608
1744,Cake,7000000,284276,2360281
1753,Once Upon a Time in Mumbaai,19000000,42966,8300000
1754,Shootout at Lokhandwala,11000000,20742,12000000
1756,Aiyaary,9150000,493620,41000000
1759,Only God Forgives,4800000,77987,10337387
1767,Ram Jaane,520000,160242,2100000
1775,Deadly Revisions,100000,300902,0
1778,The Hunt,14000000,514847,8621288
1792,The Great Magician,15000000,83721,0
1793,The Jungle Book,175000000,278927,966550600
1808,Aiyyaa,1200000,137180,2500000
1809,Bbuddah Hoga Terra Baap,2230000,69774,0
1810,Gabbar Is Back,11000000,337876,41000000
1811,Madras Cafe,5400000,215776,6500000
1812,Michael Clayton,25000000,4566,92991835
1820,John Wick: Chapter 3 - Parabellum,55000000,458156,326709727
1828,Snowpiercer,39200000,110415,86758912
1829,Sur Sapata,500000,599318,0
1830,Teenage Mutant Ninja Turtles,125000000,98566,477200000
1831,The Dark Crystal,15000000,11639,40577001
1840,CIA: Comrade In America,1400000,439601,3900000
1841,Coffee for All,125000,521753,78000
1867,"Love, Simon",17000000,449176,66316289
1875,Waiting...,3000000,7553,18637690
1879,Abby Sen,186135,452346,0
1881,Bombay Talkies,11000000,190940,2700000
1882,Like a Boss,29000000,526019,26925979
1890,English Babu Desi Mem,20000000,160255,39000000
1897,Inkaar,850000,161468,1600000
1900,Kiss Kiss Bang Bang,15000000,5236,15785148
1903,Mary Kom,224056,284288,15536328
1910,Pyaar Ka Punchnama,1400000,65521,7200000
1916,Special 26,7100000,165904,18000000
1917,Tanu Weds Manu,400000,58333,252000
1920,Yamla Pagla Deewana 2,6800000,199687,0
1922,Palm Trees in the Snow,11332619,274109,0
1924,Apollo 18,5000000,50357,25562924
1926,Collateral,65000000,1538,217764291
1928,The Outsider,4000000,241765,0
1929,Match Point,15000000,116,85306374
1935,After.Life,4500000,36419,3606395
1937,Blue Jasmine,18000000,160588,99206215
1941,Hajwala 2: Mysterious Mission,300000,588904,0
1942,Immortals,75000000,37958,226904017
1947,Spy Kids 2: The Island of Lost Dreams,38000000,9488,119723358
1949,The Imaginarium of Doctor Parnassus,30000000,8054,64352607
1953,Ladies First,450000,492184,0
1954,The Waterboy,23000000,10663,185991646
1955,Doubt,20000000,14359,50907234
1962,Aftershock,2000000,123103,58510
1971,Borderline,3700000,69492,0
1978,Bedtime Stories,80000000,10202,212874864
1980,Christopher Robin,75000000,420814,99138899
1990,Employee of the Month,12000000,9794,38368909
1991,Maggie,4000000,287424,187112
1997,Revolt,4000000,313943,0
2003,GLOW: The Story of The Gorgeous Ladies of Wrestling,33157,103732,0
2008,Planet of the Apes,5800000,871,33395426
2010,North by Northwest,4000000,213,13275000
2016,The Great Train Robbery,150,5698,0
2029,Loving Pablo,4667008,425336,17535962
2033,Legend of the Naga Pearls,38000000,466438,0
2037,Trailer Park Boys: Countdown to Liquor Day,3500000,27561,0
2038,Trailer Park Boys: The Movie,5000000,9958,3833507
2044,Middle School: The Worst Years of My Life,8500000,369883,23316139
2049,Osmosis Jones,75000000,12610,13596911
2051,The Highwaymen,49000000,500682,0
2053,The Terminal,60000000,594,219417255
2055,Tucker and Dale vs. Evil,5000000,46838,5224938
2057,My All American,20000000,334531,0
2058,Stan & Ollie,10000000,394741,0
2062,I Remember You,2408070,423236,0
2070,Superlopez,5200000,457915,12496155
2077,I Don't Know How She Does It,24000000,70868,31410151
2083,The Cloverfield Paradox,45000000,384521,0
2084,Aliens vs Predator: Requiem,40000000,440,130290885
2086,Secret Superstar,286284,441889,137416709
2100,Stay Tuned,25000000,23939,10736401
2112,A-X-L,10000000,438590,0
2115,Imago mortis,3700000,30449,0
2120,The Contract,25000000,1441,5549200
2122,River's Edge,19000000,21309,0
2125,Saving Mr. Banks,35000000,140823,112544580
2126,Pencils Down! The 100 Days of the Writers Guild Strike,108,434499,0
2135,Ravenous,12000000,10212,0
2137,The Salvation,10500000,266285,42070000
2141,Tinker Bell,48000000,13179,0
2151,5 Flights Up,6000000,286521,1020921
2165,Coraline,60000000,14836,124596398
2167,Howards End,8000000,8293,26126837
2170,Chicken Little,150000000,9982,314432665
2175,G-Force,150000000,19585,292817841
2176,Gone Girl,61000000,210577,369330363
2184,Love and Death,3000000,11686,20173742
2188,The Lives of Others,2000000,582,70000000
2216,Aśoka,17000000,4435,19000000
2217,Bon Cop Bad Cop,8000000,15049,12671300
2221,One 2 Ka 4,5200000,132744,5900000
2223,Before Sunrise,2500000,76,5535405
2224,Captain Marvel,152000000,299537,1128276090
2244,Cain and Abel,250000,90619,0
2253,Nails,5500000,408185,0
2264,Wedding Association,2,246524,0
2282,Boss Wants a Happy Ending,3000000,258310,3000000
2291,Vizontele Tuuba,3000000,92834,13954476
2295,The Grand Budapest Hotel,30000000,120467,174600318
2298,"Crouching Tiger, Hidden Dragon: Sword of Destiny",20000000,263341,0
2303,Junebug,1000000,1444,0
2305,Layer Cake,6500000,4836,11850214
2306,The Losers,25000000,34813,23580000
2317,The Spiderwick Chronicles,90000000,8204,162839667
2320,Wet Hot American Summer,5000000,2171,295206
2321,Winter's Bone,2000000,39013,13831503
2327,Aitraaz,3500000,22315,9250000
2330,Battle Drone,3500000,508648,0
2331,Baby Boom,15000000,11215,26712476
2332,Oliver & Company,31000000,12233,74151346
2338,Grand Masti,4900000,220714,19000000
2343,Hide and Seek,30000000,11096,122650962
2349,Judwaa 2,10000000,456565,34500000
2362,No Entry,3500000,20390,14000000
2367,The SpongeBob Movie: Sponge on the Run,60000000,400160,4700000
2371,Shanghai Noon,55000000,8584,56932305
2376,Solo: A Star Wars Story,250000000,348350,392952373
2379,Swades,2900000,15774,4800000
2383,Teen Patti,1000000,34418,3900000
2402,Rooster's Beak,1,584788,0
2406,Forces of Nature,75000000,1641,93888180
2415,Hellraiser: Revelations,350000,70584,0
2421,Coyote Ugly,45000000,6282,113916474
2425,It's Now or Never,10000,491431,0
2432,Equilibrium,20000000,7299,5359645
2436,The Hollow,900000,35946,0
2452,A Perfect Man,5000000,228331,388
2455,Cabin Fever,1500000,11547,30553395
2456,Christian Mingle,650000,296456,25480
2458,Delta Farce,12,14547,0
2473,Thor: Ragnarok,180000000,284053,853977126
2474,Suite Française,15000000,271674,9104716
2478,Silent Hill,50000000,588,97607453
2479,The Men Who Stare at Goats,24000000,10313,68729358
2482,Inhuman Kiss,1200000,587488,0
2488,The Maus,2395510,461931,0
2497,The Three Stooges,30000000,76489,54819301
2498,The Tunnel,135000,46221,0
2507,Penalty Kick,1,510262,0
2510,The Forest,10000000,329440,37608299
2512,20th Century Women,7000000,342737,5664764
2518,Staged Killer,240000,603702,0
2519,Super Bheem Toota Khush Tara,256982,493180,1253654
2523,Okja,50000000,387426,0
2530,Kahaani,1200000,82825,16000000
2531,Spider-Man: Into the Spider-Verse,90000000,324857,375540831
2533,Unbroken,65000000,227306,163442937
2534,Hotel Transylvania,85000000,76492,358375603
2535,Star Wars: The Last Jedi,200000000,181808,1332539889
2541,Total Recall,125000000,64635,198802074
2545,Kaabil,5200000,403867,0
2553,Hungerford,40000,268229,0
2555,Tarzan,130000000,37135,448191819
2561,Tarzan,130000000,37135,448191819
2564,Salem Abu Ukhtuh,800000,285664,100000
2565,Triple Threat,10000000,449985,0
2575,Good Luck Chuck,25000000,10030,59192128
2584,Chain Reaction,50000000,12123,60209334
2586,The Player,8000000,10403,21706101
2596,"Good Night, and Good Luck.",7000000,3291,54600000
2598,The Duel,10000000,333386,4500
2599,The King's Speech,15000000,45269,414211549
2600,1898: Our Last Men in the Philippines,6976542,403357,0
2624,Ip Man 3,36000000,365222,156844753
2628,Counterpunch,1300000,462104,0
2630,What the Health,273428,415086,0
2648,Sunday's Illness,105000,442811,0
2652,The Cave,30000000,9042,15007991
2662,Murder Mystery,24000000,514999,0
2673,The Cell,33000000,8843,104155843
2685,Daughters of the Dust,800000,68427,0
2696,50/50,8000000,40807,39187783
2706,Righteous Kill,60000000,13389,78460699
2708,Small Soldiers,40000000,11551,54682547
2709,The Box,30000000,22825,33333531
2710,The Phantom of the Opera,70000000,9833,154648887
2711,The Space Between Us,30000000,365942,14793385
2714,What a Girl Wants,20000000,10735,50732139
2721,National Treasure,100000000,2059,347512318
2733,Devil's Bride,3100000,408194,0
2735,How the Grinch Stole Christmas,123000000,8871,345141403
2752,Smoke,7000000,10149,8349430
2753,The Day Will Come,10000000,348675,0
2757,Y Tu Mamá También,5000000,1391,33616692
2768,Mary Poppins Returns,130000000,400650,348807090
2772,The Iron Lady,13000000,71688,115890699
2786,White Fang,14000000,12227,34793160
2788,The King's Speech,15000000,45269,414211549
2790,Alone in the Dark,20000000,12142,10442808
2793,Blue Valentine,3500000,46705,16566240
2797,Vicky Cristina Barcelona,15000000,5038,96408652
2798,Skiptrace,32000000,270774,58500000
2807,Wet Hot American Summer,5000000,2171,295206
2813,Holy Man,60000000,9713,12069719
2817,All the Boys Love Mandy Lane,750000,9022,0
2821,American Renegades,66190000,335788,2602149
2822,The Croods,135000000,49519,587204668
2824,Her,23000000,152601,47351251
2828,The Company Men,15000000,44129,4882577
2830,The Haunted Mansion,90000000,10756,182290266
2850,The Son of Bigfoot,30000000,413644,46372519
2853,Dark Places,20000000,182560,208588
2854,Ex Machina,15000000,264660,36869414
2855,Man of Tai Chi,25000000,76544,2054941
2859,A Walk to Remember,11800000,10229,47494916
2862,Another Life,500000,54577,0
2868,Parmanu: The Story of Pokhran,7405000,465642,0
2869,The Holy Man,341436,235470,680000
2877,Tusk,2800000,246403,1826705
2879,Victor Frankenstein,40000000,228066,34227298
2883,Inglourious Basterds,70000000,16869,321455689
2887,A Most Violent Year,20000000,241239,12007070
2888,Bolt,150000000,13053,309979994
2897,Life After Beth,2400000,244566,88273
2898,Revenge of the Green Dragons,5000000,286709,0
2899,City of Tiny Lights,3892200,408626,0
2908,Nothing to Lose,25000000,11676,44480039
2918,Black Rose,7000000,272610,855450
2927,Laggies,5000000,244264,2379154
2929,The Rover,12250000,157845,2295423
2948,The Break-Up,52000000,9767,205668210
2949,The Princess and the Frog,105000000,10198,270997378
2961,Ginger Snaps,5000000,9871,0
2963,Locke,2000000,210479,4635300
2965,Spring Breakers,5000000,122081,31724284
2971,The Spectacular Now,2500000,157386,6854611
2972,Under the Skin,13300000,97370,5735963
2973,Love Hurts,10000000,51822,0
2977,Lusers,2000000,373878,0
2980,The Physician,36000000,169881,57284237
2982,Rambo: Last Blood,50000000,522938,91490353
2983,Colonia,14000000,318781,3621046
2993,How It Ends,20000000,475210,0
2997,The Signal,4000000,242095,2665322
3001,PC-4L,500,716146,0
3004,Black and Blue,12000000,578189,22741061
3014,Money for Nothing,11000000,55448,1044824
3018,Smart People,7000000,12890,10569964
3024,Madea's Family Reunion,6000000,16781,57231524
3036,Inkheart,60000000,2309,62803180
3040,Lady in the Water,70000000,9697,72785169
3043,Mean Streets,500000,203,3000000
3045,Jumanji: The Next Level,125000000,512200,796575993
3067,Paul Blart: Mall Cop,26000000,14560,183293131
3068,Philadelphia,26000000,9800,206678440
3070,Race to Witch Mountain,50000000,13836,106303988
3071,Rain Man,25000000,380,354825435
3074,Scream 3,40000000,4234,161834276
3075,Shorts,40000000,25132,28972508
3077,Starsky & Hutch,60000000,9384,170268750
3080,Swordfish,102000000,9705,147080413
3081,Taxi Driver,1300000,103,28262574
3084,The Book of Eli,80000000,20504,157107755
3085,The Brothers Grimm,88000000,4442,105316267
3086,The Forbidden Kingdom,55000000,1729,127906624
3088,The Pink Panther,65000000,12096,158851357
3090,The War Against Women,283534,356644,0
3092,Angamaly Diaries,610000,442000,3100000
3104,Gemini Man,138000000,453405,173469516
3107,Loving Annabelle,900000,19344,0
3117,Sarvopari Palakkaran,470000,466998,0
3119,Socha Na Tha,1500000,21555,2400000
3125,Traitor,22000000,13291,23530831
3131,Zoo,4000000,472553,0
3134,Code 46,7500000,2577,0
3152,The Players Club,4500000,19848,23261485
3153,The Nutty Professor,54000000,9327,128769345
3155,The Invisible Guest,4000000,411088,30000000
3158,The Bourne Ultimatum,70000000,2503,442824138
3167,The Deep End,5500,736690,0
3172,Limitless,27000000,51876,161849455
3184,Solo: A Star Wars Story,250000000,348350,392952373
3186,The Monster,2700000,340103,0
3191,The Conjuring,13000000,138843,319494638
3194,A Ghost Story,100000,428449,1596371
3195,"Live Twice, Love Once",1450000,613090,368430
3196,The Tourist,100000000,37710,278731369
3211,Mara,5000000,514277,470901
3217,Blackadder: Back & Forth,4250000,194113,0
3218,In Order of Disappearance,4161012,252822,0
3220,Dracula,40000000,6114,215862692
3225,Lionheart,6000000,9399,24271196
3235,The Hundred-Foot Journey,22000000,228194,88880821
3241,Swiss Army Man,3000000,347031,4210454
3242,The Incredibles,92000000,9806,631442092
3244,Virsa,580000,107565,1600000
3251,Ferris Bueller's Day Off,6000000,9377,70136369
3252,Occupation,6000000,503346,0
3255,Ant-Man and the Wasp,140000000,363088,622674139
3261,Holy Camp!,3144622,426338,2963886
3264,Star Wars: The Force Awakens,245000000,140607,2068223624
3277,iBoy,1500000,414190,0
3282,A Futile and Stupid Gesture,10000000,391710,0
3292,Jurassic World: Fallen Kingdom,170000000,351286,1303459585
3296,Acts of Vengeance,10000000,445954,320705
3299,Hotel Transylvania 3: Summer Vacation,80000000,400155,100176000
3307,Presumed Innocent,22000000,11092,221303188
3308,Planet 51,70000000,16866,104945765
3309,The Iceman,20000000,68812,1969193
3319,Justice League,300000000,141052,657924295
3322,Pink Floyd: The Wall,12000000,12104,22244207
3324,Half Girlfriend,7445000,413884,12805400
3327,Déjà Vu,75000000,7551,180557550
3328,Monty Python and the Holy Grail,400000,762,5028948
3334,Step Sisters,10000000,431072,0
3337,The Bling Ring,15000000,96936,19145732
3345,Suave Patria,2000000,131978,3423685
3356,Godzilla,160000000,124905,529076069
3362,Get Him to the Greek,40000000,32823,90029656
3364,Hop,63000000,50359,183953723
3365,Jezebel,1250000,1976,0
3366,Legend,24500000,11976,15502112
3368,Steve Jobs,30000000,321697,34441873
3370,Skyline,10000000,42684,66984887
3371,A Serious Man,7000000,12573,31430334
3372,Dallas Buyers Club,5000000,152532,55736588
3376,Big Fat Liar,15000000,11870,52970014
3378,Eye for an Eye,20000000,17182,26877589
3380,MindGamers,22800000,362583,0
3382,Only the Brave,38000000,395991,25754775
3407,Operation Chromite,12700000,407887,49196532
3410,Rip Tide,3400000,457262,0
3418,Welcome to Sarajevo,9000000,14905,334319
3424,Ip Man 4: The Finale,52000000,449924,0
3425,Ip Man 2,12902809,37472,36000000
3428,The Master,32000000,68722,28258060
3432,Camp X-Ray,1000000,244506,59744
3438,13 Sins,5000000,155084,13809
3440,The Fighter,25000000,45317,93617009
3441,Aquarius,762241,377273,285930
3447,Becoming Jane,16500000,2977,37311672
3456,Zoom,75600000,14113,12506188
3461,Solo: A Star Wars Story,250000000,348350,392952373
3471,The Evil Dead,350000,764,29400000
3480,21 Bridges,33000000,535292,47088457
3481,A Cinderella Story,19000000,11247,70067909
3483,American Beauty,15000000,14,356296601
3484,Arthur Christmas,10000000,51052,0
3486,As Good as It Gets,50000000,2898,314178011
3490,Catch Me If You Can,52000000,640,352114312
3492,Center Stage,18000000,10560,17200925
3493,Charlie and the Chocolate Factory,150000000,118,474968763
3494,Chasing Amy,250000,2255,12021272
3496,Chitty Chitty Bang Bang,10000000,11708,0
3497,Chloe,14000000,28211,11808880
3498,City of God,3300000,598,30641770
3499,Click,82500000,9339,240685326
3500,Cloverfield,25000000,7191,170764026
3501,Coach Carter,30000000,7214,76669806
3502,Dinner for Schmucks,69000000,38778,86387857
3503,Donnie Brasco,35000000,9366,124909762
3507,Event Horizon,60000000,8413,26673242
3509,Final Destination 3,25000000,9286,117719158
3510,Final Destination 2,26000000,9358,90426405
3511,Final Destination 3,25000000,9286,117719158
3512,Free Willy,20000000,1634,153698625
3513,Friday the 13th,550000,4488,59754601
3517,Ghost Rider,110000000,1250,228738393
3519,Godzilla,160000000,124905,529076069
3520,Hairspray,50000000,2976,90450008
3521,Harold and Maude,1200000,343,0
3522,Hitch,70000000,8488,368100420
3523,Hunt to Kill,2300000,46713,0
3524,Inception,160000000,27205,825532764
3527,Jimmy Neutron: Boy Genius,25000000,12589,80936232
3528,Julie & Julia,40000000,24803,129540499
3529,Kate & Leopold,48000000,11232,76019048
3530,Kill Bill: Vol. 1,30000000,24,180899045
3531,Kill Bill: Vol. 2,30000000,393,152159461
3532,Kingpin,27000000,11543,25023434
3533,Kiss the Girls,27000000,9437,60527873
3534,La Bamba,6500000,16620,54215416
3535,Legend of the Guardians: The Owls of Ga'Hoole,80000000,41216,140073390
3538,Magnolia,37000000,334,48451803
3541,The Young Messiah,18500000,318850,6490401
3542,Monster-in-Law,43000000,4379,154749918
3544,My Girl,17000000,4032,59489799
3545,New York Minute,30000000,11025,23400000
3547,Pan's Labyrinth,19000000,1417,83258226
3548,Paranormal Activity,15000,23827,193355800
3549,Patriot Games,45000000,9869,178051587
3553,Resident Evil: Afterlife,60000000,35791,300228084
3557,Scary Movie,19000000,4247,278019771
3560,Sliver,40000000,867,116300000
3561,Snow Day,130000000,15489,62500000
3563,Strictly Ballroom,3000000,10409,33946224
3564,Stuart Little,133000000,10137,300135367
3565,Stuart Little 2,120000000,10996,169956806
3566,Sweeney Todd: The Demon Barber of Fleet Street,50000000,13885,152000000
3567,Teenage Mutant Ninja Turtles II: The Secret of the Ooze,25000000,1497,78656813
3568,Teenage Mutant Ninja Turtles,13500000,1498,201965915
3569,Terminator 3: Rise of the Machines,200000000,296,435000000
3570,Terminator Salvation,200000000,534,371353001
3571,The Amityville Horror,19000000,10065,108047131
3573,The Circle,18000000,339988,20497844
3575,The Crying Game,3705538,11386,62548947
3576,The Dukes of Hazzard,50000000,6519,110803676
3578,The Final Destination,40000000,19912,186167139
3579,The Invention of Lying,18500000,23082,31912793
3580,The Lord of the Rings: The Return of the King,94000000,122,1118888979
3581,The Lord of the Rings: The Two Towers,79000000,121,926287400
3582,The Mask of Zorro,95000000,9342,250288523
3583,The Naked Gun 2½: The Smell of Fear,23000000,37137,86930411
3584,The Naked Gun: From the Files of Police Squad!,12000000,37136,78756177
3585,The Natural,28000000,11393,47951979
3586,The Original Kings of Comedy,13000000,23618,38251106
3587,The Peacemaker,50000000,6623,110463140
3588,The Ring,48000000,565,249348933
3589,The Talented Mr. Ripley,40000000,1213,128798265
3591,Tremors 2: Aftershocks,4000000,11069,0
3593,Tremors 4: The Legend Begins,5000000,10891,0
3595,True Grit,38000000,44264,252276927
3596,Up in the Air,25000000,22947,163670000
3597,What Lies Beneath,100000000,2655,291420351
3598,Wild Wild West,170000000,8487,222104681
3599,Willy Wonka & the Chocolate Factory,3000000,252,4000000
3600,Wyatt Earp,63000000,12160,25052000
3601,Yes Man,70000000,10201,223241637
3602,A Perfect Ending,175000,107257,0
3603,Across the Universe,45000000,4688,29625761
3604,Babel,25000000,1164,135330182
3606,Black Hawk Down,92000000,855,172989651
3607,Chappie,49000000,198184,104399548
3608,Christmas with the Kranks,60000000,13673,0
3609,Daddy Day Care,60000000,10708,164433867
3612,Hell or High Water,12000000,338766,37589296
3613,Indiana Jones and the Kingdom of the Crystal Skull,185000000,217,786636033
3614,Indiana Jones and the Last Crusade,48000000,89,474171806
3615,Raiders of the Lost Ark,18000000,85,389925971
3616,Indiana Jones and the Temple of Doom,28000000,87,333000000
3617,Jay and Silent Bob Strike Back,22000000,2294,33788161
3618,Jersey Boys,40000000,209451,67347013
3621,Last Night,7000000,23830,7644937
3622,"Lock, Stock and Two Smoking Barrels",1350000,100,28356188
3624,Mona Lisa Smile,65000000,11820,0
3626,Perfect Stranger,60795000,7183,73090611
3628,Pulp Fiction,8000000,680,214179088
3631,Tears of the Sun,75000000,9567,86468162
3632,The Boy in the Striped Pajamas,12500000,757839,40416563
3633,The Crow,15000000,9495,94000000
3639,xXx: State of the Union,60000000,11679,71073932
3655,Heartthrob,4000000,496230,90000000
3661,Justin Bieber: Never Say Never,13000000,54518,98441954
3671,Monster High: Fright On!,500000,227257,0
3680,Sanai Choughade,1,605796,0
3683,The Age of Shadows,9620000,363579,53165427
3688,The Trigger Effect,8000000,58770,0
3689,The Vault,5000000,416160,5728
3698,Bee Movie,150000000,5559,287594577
3703,The House in Between,60000,699337,0
3709,Udta Punjab,5980000,398535,14900000
3735,Turbo: A Power Rangers Movie,10000000,6499,17979739
3746,The Ritual,10000000,433808,1785977
3749,When We First Met,10000000,433310,0
3758,6 Days,1500000,347984,0
3759,Blinky Bill the Movie,12796917,339669,0
3761,Jack and the Cuckoo-Clock Heart,33,204436,0
3769,Act of Valor,12000000,75674,81272766
3770,Welcome to Willits,6400000,406112,0
3771,Woody Woodpecker,10000000,462883,0
3776,Safe,30000000,72387,40346186
3781,The Cloverfield Paradox,45000000,384521,0
3787,Erased,12000000,106021,0
3824,Our Idiot Brother,5000000,59968,24816118
3829,Winnie the Pooh,30000000,51162,14460000
3831,"Crouching Tiger, Hidden Dragon: Sword of Destiny",20000000,263341,0
3833,Blue Ruin,420000,188166,993313
3834,Dolphin Tale 2,36000000,227735,52424533
3838,Operações Especiais,6000000,363925,0
3851,Timeline,80000000,9562,43935763
3860,The Prince,18000000,241254,0
3876,The Forgotten,42000000,10145,117592831
3877,Abraham Lincoln: Vampire Hunter,69000000,72331,116471580
3885,Mirzya,6750000,403540,1500000
3898,Spy Kids: All the Time in the World,27000000,56288,85564310
3903,Memoir of a Murderer,125000,432836,0
3904,Witching & Bitching,8000000,179538,0
3907,Tini: The New Life of Violetta,19201483,360365,17000172
3921,Three,5069632,377213,4817642
3924,The Super,2300000,463022,0
3927,Irreplaceable You,10000000,450489,0
3929,Milk,20000000,10139,54586584
3931,Iron Man 3,200000000,68721,1214811252
3940,Chameli,1000000,33067,0
3947,Never Heard,4000000,547454,0
3961,Fakta Ladh Mhana,10,86279,0
3969,Solomon Kane,45000000,32985,19652185
3978,The Fury of a Patient Man,1200000,411638,1813729
3997,Clouds of Sils Maria,6600000,246860,1851517
3999,Stronger Than The World: The Story of José Aldo,1842300,372518,0
4006,About a Boy,27000000,245,129000000
4009,Billy Elliot,5000000,71,109280263
4010,Camp X-Ray,1000000,244506,59744
4026,Malicious,3500000,426375,0
4028,Ninja Assassin,40000000,22832,60462347
4030,Personal Shopper,6000000,340676,1305195
4037,The Edge of Seventeen,9000000,376660,18803648
4042,Velvet Buzzsaw,21000000,463684,0
4048,Æon Flux,62000000,8202,53321673
4057,The Master,32000000,68722,28258060
4060,Newness,10000000,434203,0
4069,Happy New Year,25000000,277432,0
4078,Paris Is Burning,500000,31225,3779620
4086,It Comes at Night,5000000,418078,19280931
4088,Captive State,25000000,429471,5958315
4091,Spectral,70000000,324670,0
4094,From Paris with Love,52000000,26389,52826594
4095,Saaho,51000000,454292,55000000
4101,Delhi Belly,4090000,67109,18035000
4105,Jaane Tu... Ya Jaane Na,2300000,14467,11100000
4106,Lagaan: Once Upon a Time in India,5200000,19666,8100000
4108,Peepli Live,2270000,44549,6900000
4110,Like Stars on Earth,2600000,7508,28430000
4112,Kickboxer: Vengeance,17000000,308529,0
4116,Imagine That,55000000,19724,0
4122,Mowgli: Legend of the Jungle,175000000,407436,0
4127,Kingsman: The Secret Service,81000000,207703,414351546
4130,Celebrity Marriage,2000000,665531,30000000
4132,Marriage Story,19000000,492188,2300000
4138,The Rum Diary,45000000,23514,24000000
4150,The Model,4000000,348677,0
4152,I'll Be Home for Christmas,30000000,17037,0
4167,Mercenary for Justice,15000000,13722,0
4170,Aarakshan,6100000,72152,7900000
4175,Amar Akbar Anthony,10000000,364776,0
4187,Child's Play,10000000,533642,44902237
4191,Die Another Day,140000000,36669,431971116
4192,Don Jon,3000000,138697,0
4197,GoldenEye,58000000,710,352194034
4199,Heartbreakers,10000000,10833,0
4206,Judwaa 2,10000000,456565,34500000
4223,Red Dawn,65000000,60747,44806783
4234,The World Is Not Enough,135000000,36643,361832400
4235,Tomorrow Never Dies,110000000,714,333011068
4283,Mother Teresa of Calcutta,7000000,47277,15000000
4284,You Only Live Twice,9500000,667,111584787
4304,Lawless,26000000,82633,53676580
4307,Shelter,500000,17483,142666
4325,Fifty Shades Freed,55000000,337167,368307760
4326,Blitz Patrollie,840,198444,0
4329,The Gift,10000000,2046,12008642
4330,The Secret Life of Pets 2,80000000,412117,155152550
4340,Left Behind,16000000,218043,19682924
4357,Avengers: Infinity War,300000000,299536,2046239637
4371,Watership Down,1000000,11837,3713768
4377,Jacob's Ladder,25000000,2291,25965144
4380,Mr. Church,8000000,374461,0
4383,Bright,90000000,400106,0
4389,Bird Box,19800000,405774,0
4394,Perfume: The Story of a Murderer,50000000,1427,132180323
4400,Hotel Desire,230758,82023,0
4404,Hitman: Agent 47,35000000,249070,81967450
4412,23:59,600000,107227,1208479
4416,Lang Tong,363000,443526,0
4426,The Magic Snowflake,10000000,305387,0
4430,Teefa in Trouble,1500000,506971,3062477
4431,The Lobster,4000000,254320,15656193
4432,Jab Harry Met Sejal,16600000,441906,0
4436,White Girl,700000,336011,200242
4437,Yoga Hosers,5000000,290825,0
4453,The Humanity Bureau,6000000,456048,17544173
4458,Lilly the Witch The Dragon and the Magic Book,10000000,30144,0
4460,Skin Trade,10000000,327833,0
4463,Burlesque,55000000,42297,89519773
4465,The Danish Girl,15000000,306819,64191523
4467,Andhadhun,4500000,534780,40000000
4471,Kill the Messenger,5000000,245916,5218973
4472,Maps to the Stars,15000000,157851,1338365
4473,One Day,15000000,51828,59389433
4475,The Theory of Everything,15000000,266856,123726688
4478,Barry Lyndon,11000000,3175,20000000
4485,Bangistan,3600000,352099,830000
4489,Dil Chahta Hai,2079000,14752,4099000
4490,Dil Dhadakne Do,13000000,338065,22000000
4491,Don Jon,3000000,138697,0
4492,Don 2,11000000,41109,2900000
4493,Fukrey,2200000,199139,5200000
4494,Molly's Game,30000000,396371,59284015
4497,Honeymoon Travels Pvt. Ltd.,1400000,46386,2500000
4500,Karthik Calling Karthik,2800000,34764,3900000
4501,Lakshya,4500000,21175,4600000
4502,Luck by Chance,2300000,16344,3000000
4504,Rock On!!,7000000,19672,0
4510,Zindagi Na Milegi Dobara,7700000,61202,160000000
4521,Sad Hill Unearthed,170000,508466,22834
4529,Black and Blue,12000000,578189,22741061
4530,Blackway,8000000,359790,16458
4534,Christmas Inheritance,10000000,449755,0
4545,Pottersville,10000000,413990,0
4561,The Hunchback of Notre Dame,1800000,31685,6877900
4567,Zoom,75600000,14113,12506188
4572,Roma,15000000,426426,1140769
4579,6 Underground,150000000,509967,0
4583,Seven and a Half Dates,2000000,665215,300000
4584,Silent Hill: Revelation 3D,20000000,61012,52302796
4585,The 9th Precinct,1413543,615137,1862261
4587,The Tokyo Trial,3,382635,0
4600,Standoff,8000000,344041,0
4606,The Ridiculous 6,60000000,347969,0
4612,The Trotsky,6400000,46584,0
4613,Nobel Son,4000000,15676,333912
4616,A Night at the Roxbury,17000000,9429,30331165
4617,Austin Powers in Goldmember,63000000,818,296655431
4618,Austin Powers: International Man of Mystery,16500000,816,67683989
4619,Austin Powers: The Spy Who Shagged Me,33000000,817,312016858
4621,Cut Bank,5000000,276902,0
4629,Martin Lawrence Live: Runteldat,3000000,20337,19184015
4631,Primal Fear,30000000,1592,102616183
4637,The Adventures of Sharkboy and Lavagirl,50000000,14199,69425966
4638,The Bachelor,51000000,2020,36911617
4639,The Departed,90000000,1422,291465034
4648,Alita: Battle Angel,170000000,399579,404852543
4650,Blind Detective,11000000,194523,0
4658,A Haunted House,2500000,139038,60141683
4660,Hellboy,50000000,456740,44664690
4667,Once a Gangster,2000000,41980,0
4671,Set It Off,9000000,9400,41590886
4672,Seven Pounds,55000000,11321,168167691
4684,Hisss,10000000,47655,0
4688,Oggy and the Cockroaches: Vol. 2,1,167176,1
4693,Tezz,7500000,85992,3800000
4708,K-9,17000000,10345,78247647
4727,The Family,30000000,112205,36894225
4731,Perdida,667000,513223,0
4735,Million Dollar Baby,30000000,70,216763646
4736,Judy Moody and the Not Bummer Summer,20000000,60062,14166853
4738,Let's Eat,33000,748201,0
4751,The Pursuit of Happyness,55000000,1402,307077295
4776,Operation Mekong,30200000,415214,173000000
4779,The Little Prince,64000000,309809,97571250
4788,Message from the King,10000000,301355,0
4792,Chennai Express,18000000,205022,62000000
4797,The Laws of Thermodynamics,4380014,437029,0
4801,Back to School,11000000,15596,91258000
4814,"Big Mommas: Like Father, Like Son",32000000,38322,83615414
4816,The Invisible Guardian,5000000,392207,0
4830,3 Generations,10000000,300667,0
4838,Blue Is the Warmest Color,4300000,152584,10165694
4844,Inuyasha the Movie: Affections Touching Across Time,10540,42360,0
4849,Death Note,40000000,351460,0
4850,Pekak,96727,414101,0
4854,The Fanatic,18000000,509853,3153
4884,Bareilly Ki Barfi,2740700,467106,8050806
4888,Toilet: A Love Story,3700000,441875,13800000
4894,Gangs of New York,100000000,3131,193772504
4902,For Greater Glory: The True Story of Cristiada,12000000,96399,9622846
4904,Now and Then,12000000,9263,27400000
4907,7 Khoon Maaf,2200000,56338,2900000
4909,Concussion,35000000,321741,50363790
4917,Lost Highway,15000000,638,3675201
4918,I Hate Luv Storys,4400000,40777,12000000
4919,Joker,55000000,475557,1074251311
4921,Main Aurr Mrs Khanna,2200000,24604,3600000
4922,Mohenjo Daro,17000000,402672,16000000
4925,Rang De Basanti,2200000,7913,11502151
4926,Rowdy Rathore,6700000,102632,31000000
4930,Thank You,13100000,61400,4100000
4935,Kelly's Heroes,4000000,11589,5200000
4936,Hide and Seek,30000000,11096,122650962
4937,Railroad Tigers,50000000,377447,102205175
4941,Peter Rabbit,50000000,381719,351266433
4950,The Motive,2691410,437036,0
4952,Ultraviolet,30000000,9920,31070211
4979,Martial Arts of Shaolin,10000000,37032,0
4980,Mr. Virgin,100000,692307,0
4991,Wish I Was Here,5500000,231576,5483299
4999,Hostiles,55000000,384680,29819114
5005,Barbecue,6000000,250349,14348529
5012,Behind Enemy Lines,40000000,8007,91753202
5014,John Wick: Chapter 3 - Parabellum,55000000,458156,326709727
5023,The Iron Lady,13000000,71688,115890699
5043,Afflicted,318000,210947,121179
5051,Demonic,3000000,234212,3387000
5054,3 Idiots,9000000,20453,70000000
5057,Clash of the Titans,125000000,18823,493214993
5061,Four Weddings and a Funeral,6000000,712,254700832
5063,Jackie Brown,12000000,184,39673162
5064,Jupiter Ascending,176000003,76757,183987723
5069,Panic Room,48000000,4547,197079546
5071,Rocky,1000000,1366,117235147
5072,Rocky II,7000000,1367,85182160
5073,Rocky III,17000000,1371,270000000
5074,Rocky IV,31000000,1374,300473716
5075,Rocky V,42000000,1375,119946358
5076,Rumor Has It...,70000000,2800,88933562
5079,Something's Gotta Give,80000000,6964,266728738
5080,Space Cowboys,65000000,5551,128884132
5083,Wazir,5200000,275269,9200000
5085,Bean,18000000,1281,251212670
5092,Big Hero 6,165000000,177572,657827828
5094,Initial D,1549000,16411,7096000
5095,The Invisible Man,7000000,570670,130234661
5103,Mahabharat,7000000,503928,210000
5120,The Informant!,22000000,11323,35424826
5131,Cloud Atlas,102000000,83542,130482868
5138,Handsome Devil,1050000,412202,0
5148,Raising the Bar,600000,396289,0
5177,Movie 43,6000000,87818,32438988
5181,Look Who's Back,3196621,318917,25513752
5193,The Lighthouse of the Orcas,6000000,430161,0
5196,Queen of the Desert,15000000,157843,1592853
5205,Troy,175000000,652,497409852
5208,Backfire,100000,560955,0
5220,Day of the Dead: Bloodline,8000000,485415,0
5244,The Outsiders,10000000,227,33697647
5249,14 Blades,20000000,34179,0
5252,Tango & Cash,55000000,9618,63408614
5256,Mississippi Burning,15000000,1632,34604000
5269,Out of Africa,31000000,606,128499205
5285,Kon-Tiki,16600000,70667,0
5290,Season of the Witch,40000000,23047,91627228
5294,Kickboxer: Retaliation,13000000,447665,4537
5298,Goosebumps 2: Haunted Halloween,35000000,442062,92503612
5304,The Ugly Truth,38000000,20943,321682600
5308,Dear Zindagi,4300000,413543,3376375
5310,The 101-Year-Old Man Who Skipped Out on the Bill and Disappeared,10000000,404791,0
5319,Fangboner,2000,362443,0
5335,Tramps,2000000,412209,0
5352,The D Train,447524,308638,771317
5358,Lunatics: A Love Story,650000,31564,0
5383,De film van Dylan Haegens,800000,540632,0
5388,The Messengers,16000000,9966,55060212
5390,21 Bridges,33000000,535292,47088457
5391,About Time,12000000,122906,87100449
5392,Evan Almighty,175000000,2698,173000000
5396,Cirque du Freak: The Vampire's Assistant,40000000,24418,28169671
5398,Manglehorn,4000000,254905,143101
5407,Shabd,2500000,21905,3100000
5410,Beyond Skyline,20000000,271404,992181
5431,Michael Jackson's Thriller,1100000,92060,0
5434,Our Lovers,1400000,381707,0
5444,Lost in Space,80000000,2157,136159423
5447,Band Aid,10000000,426230,248370
5461,Kevin Hart: What Now?,9900000,339927,23600000
5473,Fracture,10000000,6145,91354215
5474,Get Smart,80000000,11665,230685453
5475,A Hedgehog's Visit,300,400195,0
5482,P.S. I Love You,30000000,6023,156835339
5484,Penelope,15000000,7985,21156270
5487,Sherlock Holmes,90000000,10528,524028679
5488,Spy Kids,35000000,10054,147934180
5489,Spy Kids 3-D: Game Over,38000000,12279,197011982
5491,The Bye Bye Man,7400000,292280,26667197
5496,The Trust,9000000,301608,0
5499,Avengers: Infinity War,300000000,299536,2046239637
5503,An American Tail,9000000,4978,84542002
5514,Little Buddha,35000000,1689,4858139
5524,How to Make an American Quilt,10000000,11861,23574130
5529,Herbie Fully Loaded,50000000,11451,66002004
5533,Metro,55000000,8860,31987563
5534,Om Shanti Om,9100000,8079,37707444
5539,Shah Rukh Khan Ki Maut,1431,584150,0
5541,Schindler's List,22000000,424,321365567
5542,Secret in Their Eyes,19500000,290751,34854990
5544,The Duchess,17759769,12783,43306325
5553,Couples Counseling,161690,428327,0
5560,Joe Cocker: Mad Dog with Soul,335000,450494,0
5567,Razia Sultan,100000,231799,100000
5575,Toro,4000000,364615,1903083
5585,Safe Haven,28000000,112949,97594140
5589,Elite Squad,4000000,7347,14759148
5591,Once Upon a Time… in Hollywood,95000000,466272,374251247
5594,Batman: Gotham by Gaslight,1000000,471474,3469151
5635,Scream,14000000,4232,173046663
5656,Zoo,4000000,472553,0
5657,Double Jeopardy,70000000,10398,177841558
5673,Baby Driver,34000000,339403,226945087
5704,Star Trek,150000000,13475,385680446
5724,Bleach,3598902,420426,4001919
5743,Goosebumps,58000000,257445,158162788
5752,Stomp the Yard,13000000,1931,75511123
5764,Mars Attacks!,70000000,75,101371017
5767,The Deep End,5500,736690,0
5770,Grand Hotel,700000,33680,2594000
5781,Batman: Bad Blood,3500000,366924,0
5787,Supernatural Activity,350000,127421,0
5789,The Arrested Development Documentary Project,75000,191024,0
5792,Supergirl,35000000,9651,14296438
5797,She's Gotta Have It,175000,27995,7137503
5801,Velvet Buzzsaw,21000000,463684,0
5802,Richie Rich's Christmas Wish,6000000,73961,0
5803,Broken Arrow,50000000,9208,150270147
5806,The Colony,16000000,178809,0
5809,Inspector Gadget,75000000,332,0
5812,Singin' in the Rain,2540800,872,7200000
5815,Sherlock Holmes,90000000,10528,524028679
5825,Love and Monsters,30000000,590223,0
5835,Wake Up Sid,3000000,21297,11000000
5836,Yu-Gi-Oh! The Movie,20000000,11052,29170410
5843,Trailer Park Boys: The Movie,5000000,9958,3833507
5854,The Words,6000000,83686,13231461
5858,The Angry Birds Movie 2,65000000,454640,131359052
5872,Final Destination 3,25000000,9286,117719158
5880,Little Witch Academia: The Enchanted Parade,625000,347413,0
5884,Dope,700000,308639,17986781
5892,Terminator: Dark Fate,185000000,290859,261119292
5897,Shooter,61000000,7485,95696996
5905,Aquarius,762241,377273,285930
5912,Retribution,4670099,351145,0
5959,Central Intelligence,50000000,302699,216972543
5979,Intersection,45000000,46717,21355893
5992,Mission: Impossible - Rogue Nation,150000000,177677,682330139
6008,Taken 3,48000000,260346,325771424
6020,Lemony Snicket's A Series of Unfortunate Events,140000000,11774,209073645
6022,The Paper,6000000,12280,0
6027,The Inbetweeners Movie,4478250,69798,88823111
6030,Mighty Morphin Power Rangers: The Movie,15000000,9070,66000000
6033,The Break-Up,52000000,9767,205668210
6051,Bordertown,21000000,4351,0
6067,Spartacus,12000000,967,60000000
6072,From Dusk Till Dawn,19000000,755,25836616
6092,Borderline,3700000,69492,0
6100,Broken Flowers,10000000,308,46720491
6110,The Apartment,3000000,284,25000000
6114,Wanted,75000000,8909,341432090
6115,Outlander,50000000,10529,7033683
6117,Sonic the Hedgehog,85000000,454626,306766470
6135,Chef,11000000,212778,45967935
6147,Van Helsing,160000000,7131,300257475
6156,Dear White People,1000000,114750,0
6160,El Camino: A Breaking Bad Movie,6000000,559969,0
6166,Jericho Mansions,6200000,74494,0
6228,Kikoriki. Legend of the Golden Dragon,6300000,377883,0
